title,author,genre,cluster_kmeans++,k_used
It's Only the Himalayas,S. Bedford,Travel,7,22
Full Moon over Noahâs Ark: An Odyssey to Mount Ararat and Beyond,Unknown,Travel,14,22
See America: A Celebration of Our National Parks & Treasured Sites,Unknown,National Parks And Reserves,1,22
Vagabonding: An Uncommon Guide to the Art of Long-Term World Travel,Shortcut Edition,Business & Economics,7,22
Under the Tuscan Sun,Frances Mayes,Travel,18,22
A Summer In Europe,Marilyn Brant,Travel,1,22
The Great Railway Bazaar,Paul Theroux,Travel,7,22
A Year in Provence (Provence #1),Peter Mayle,Biography & Autobiography,10,22
The Road to Little Dribbling: Adventures of an American in Britain (Notes From a Small Island #2),Bill Bryson,Travel,7,22
Neither Here nor There: Travels in Europe,Bill Bryson,Humor,1,22
"1,000 Places to See Before You Die",Patricia Schultz,Travel,15,22
Sharp Objects,Gillian Flynn,Mystery,20,22
"In a Dark, Dark Wood",Ruth Ware,Mystery,20,22
The Past Never Ends,Jackson Burnett,Mystery,18,22
A Murder in Time,Julie Mcelwain,Mystery,20,22
The Murder of Roger Ackroyd (Hercule Poirot #4),Agatha Christie,Fiction,11,22
The Last Mile (Amos Decker #2),David Baldacci,Fiction,11,22
That Darkness (Gardiner and Renner #1),Lisa Black,Forensic Scientists,14,22
Tastes Like Fear (DI Marnie Rome #3),Unknown,Mystery,20,22
A Time of Torment (Charlie Parker #14),Charlie Parker,Mystery,14,22
A Study in Scarlet (Sherlock Holmes #1),Sir Arthur Conan Doyle,Mystery,20,22
Poisonous (Max Revere Novels #3),Unknown,Mystery,20,22
Murder at the 42nd Street Library (Raymond Ambler #1),Con Lehane,Fiction,13,22
Most Wanted,Celeste Bradley,Mystery,20,22
Hide Away (Eve Duncan #20),Iris Johansen,"Duncan, Eve (Fictitious Character)",14,22
Boar Island (Anna Pigeon #19),Unknown,Mystery,20,22
The Widow,Georgette Heyer,Mystery,20,22
Playing with Fire,Derek Landy,Mystery,20,22
What Happened on Beale Street (Secrets of the South Mysteries #2),Mary Ellis,Fiction,11,22
The Bachelor Girl's Guide to Murder (Herringford and Watts Mysteries #1),Unknown,Mystery,20,22
Delivering the Truth (Quaker Midwife Mystery #1),Edith Maxwell,Fiction,20,22
The Mysterious Affair at Styles (Hercule Poirot #1),Agatha Christie,Mystery,13,22
In the Woods (Dublin Murder Squad #1),Tana French,Children,1,22
The Silkworm (Cormoran Strike #2),Robert Galbraith,Fiction,11,22
The Exiled,Pearl S. Buck,Mystery,20,22
The Cuckoo's Calling (Cormoran Strike #1),Robert Galbraith,Fiction,11,22
Extreme Prey (Lucas Davenport #26),John Sandford,Detective And Mystery Stories,1,22
Career of Evil (Cormoran Strike #3),Robert Galbraith,Mystery,20,22
The No. 1 Ladies' Detective Agency (No. 1 Ladies' Detective Agency #1),Unknown,Mystery,20,22
The Girl You Lost,"Croft, Kathryn (Novelist)",Mystery,9,22
The Girl In The Ice (DCI Erika Foster #1),Robert Bryndza,Mystery,9,22
Blood Defense (Samantha Brinkman #1),Unknown,Mystery,20,22
1st to Die (Women's Murder Club #1),James Patterson,Mystery,14,22
Tipping the Velvet,Sarah Waters,Historical Fiction,16,22
Forever and Forever: The Courtship of Henry Longfellow and Fanny Appleton,F. E. Longfellow,Historical Fiction,16,22
A Flight of Arrows (The Pathfinders #2),Unknown,Historical Fiction,16,22
The House by the Lake,Eleanor Farnes,Historical Fiction,16,22
Mrs. Houdini,Victoria Kelly,Historical Fiction,16,22
The Marriage of Opposites,Alice Hoffman,Historical Fiction,16,22
Glory over Everything: Beyond The Kitchen House,Kathleen Grissom,Fugitive Slaves,15,22
"Love, Lies and Spies",Cindy Anstey,Historical Fiction,16,22
A Paris Apartment,Michelle Gable,Historical Fiction,16,22
Lilac Girls,Martha Hall Kelly,Historical Fiction,16,22
The Constant Princess (The Tudor Court #1),Philippa Gregory,Fiction,7,22
The Invention of Wings,Sue Monk Kidd,Historical Fiction,16,22
World Without End (The Pillars of the Earth #2),Bill Harrar,Historical Fiction,16,22
The Passion of Dolssa,Julie Berry,Historical Fiction,16,22
Girl With a Pearl Earring,Tracy Chevalier,Historical Fiction,16,22
Voyager (Outlander #3),Diana Gabaldon,Fiction,11,22
The Red Tent,Anita Diamant,Historical Fiction,16,22
The Last Painting of Sara de Vos,Dominic Smith,Historical Fiction,16,22
The Guernsey Literary and Potato Peel Pie Society,Mary Ann Shaffer,Historical Fiction,16,22
Girl in the Blue Coat,Monica Hesse,Historical Fiction,16,22
Between Shades of Gray,Ruta Sepetys,Historical Fiction,16,22
While You Were Mine,Ann Howard Creel,Historical Fiction,16,22
The Secret Healer,Bernard Frank,Historical Fiction,16,22
Starlark,Cael Percy,Historical Fiction,16,22
Lost Among the Living,Simone St. James,Historical Fiction,16,22
A Spy's Devotion (The Regency Spies of London #1),Melanie Dickerson,Christian Fiction,6,22
Scott Pilgrim's Precious Little Life (Scott Pilgrim #1),Bryan Lee O'Malley,Dating (Social Customs),14,22
Tsubasa: WoRLD CHRoNiCLE 2 (Tsubasa WoRLD CHRoNiCLE #2),Clamp,Comics & Graphic Novels,21,22
This One Summer,Mariko Tamaki,Sequential Art,14,22
The Nameless City (The Nameless City #1),Unknown,Sequential Art,14,22
"Saga, Volume 5 (Saga (Collected Editions) #5)",Jeff Smith,Bone (Fictitious Character),21,22
"Rat Queens, Vol. 3: Demons (Rat Queens (Collected Editions) #11-15)",Kurtis J. Wiebe,Comics & Graphic Novels,21,22
"Princess Jellyfish 2-in-1 Omnibus, Vol. 01 (Princess Jellyfish 2-in-1 Omnibus #1)",Akiko Higashimura,Comics & Graphic Novels,21,22
"Pop Gun War, Volume 1: Gift",Farel Dalrymple,Comics & Graphic Novels,21,22
Patience,Kathryn Kyle,Sequential Art,14,22
"Outcast, Vol. 1: A Darkness Surrounds Him (Outcast #1)",Robert Kirkman,Alienation (Social Psychology),14,22
orange: The Complete Collection 1 (orange: The Complete Collection #1),Unknown,Sequential Art,14,22
"Lumberjanes, Vol. 2: Friendship to the Max (Lumberjanes #5-8)",Noelle Stevenson,Sequential Art,14,22
"Lumberjanes, Vol. 1: Beware the Kitten Holy (Lumberjanes #1-4)",Shannon Watters,Juvenile Fiction,0,22
Lumberjanes Vol. 3: A Terrible Plan (Lumberjanes #9-12),Nd Stevenson,Juvenile Fiction,0,22
"I Hate Fairyland, Vol. 1: Madly Ever After (I Hate Fairyland (Compilations) #1-5)",Skottie Young,Sequential Art,14,22
I am a Hero Omnibus Volume 1,Kengo Hanzawa,Comics & Graphic Novels,21,22
"Giant Days, Vol. 2 (Giant Days #5-8)",John Allison,Sequential Art,1,22
Danganronpa Volume 1,Takashi Tsukimi,Comics & Graphic Novels,21,22
"Codename Baboushka, Volume 1: The Conclave of Death",Antony Johnston,Comics & Graphic Novels,21,22
Camp Midnight,Laura Sieveking,Sequential Art,14,22
"Bitch Planet, Vol. 1: Extraordinary Machine (Bitch Planet (Collected Editions))",Kelly Sue Deconnick,Comics & Graphic Novels,21,22
The Shadow Hero (The Shadow Hero),Gene Luen Yang,Sequential Art,14,22
"Fables, Vol. 1: Legends in Exile (Fables #1)",Bill Willingham,Comics & Graphic Novels,21,22
Batman: The Long Halloween (Batman),Jeph Loeb,Sequential Art,14,22
Batman: The Dark Knight Returns (Batman),Frank Miller,Comics & Graphic Novels,21,22
"Wonder Woman: Earth One, Volume One (Wonder Woman: Earth One #1)",Grant Morrison,Comics & Graphic Novels,21,22
"We Are Robin, Vol. 1: The Vigilante Business (We Are Robin #1)",Lee Bermejo,Comics & Graphic Novels,21,22
Through the Woods,Emily Carroll,Sequential Art,14,22
Superman Vol. 1: Before Truth (Superman by Gene Luen Yang #1),Gene Luen Yang,Comics & Graphic Novels,21,22
"So Cute It Hurts!!, Vol. 6 (So Cute It Hurts!! #6)",Unknown,Sequential Art,14,22
Robin War,Tom King,Sequential Art,14,22
"Red Hood/Arsenal, Vol. 1: Open for Business (Red Hood/Arsenal #1)",Scott Lobdell,Comics & Graphic Novels,21,22
"Naruto (3-in-1 Edition), Vol. 14: Includes Vols. 40, 41 & 42 (Naruto: Omnibus #14)",Masashi Kishimoto,Sequential Art,14,22
Lowriders to the Center of the Earth (Lowriders in Space #2),Cathy Camper,Juvenile Fiction,0,22
El Deafo,Cece Bell,Sequential Art,14,22
Batman: Europa,Azzarello Brian,Comics & Graphic Novels,21,22
Art Ops Vol. 1,Sukla Das,Design,14,22
"Adulthood Is a Myth: A ""Sarah's Scribbles"" Collection",Sarah Andersen,Humor,14,22
"Fruits Basket, Vol. 9 (Fruits Basket #9)",Natsuki Takaya,"Comic Books, Strips, Etc",2,22
Roller Girl,Victoria Jamieson,Sequential Art,14,22
"Fruits Basket, Vol. 7 (Fruits Basket #7)",Natsuki Takaya,"Astrology, Chinese",2,22
"Fruits Basket, Vol. 6 (Fruits Basket #6)",Natsuki Takaya,Sequential Art,2,22
"Death Note, Vol. 6: Give-and-Take (Death Note #6)",Tsugumi Ohba,Sequential Art,14,22
"Fruits Basket, Vol. 5 (Fruits Basket #5)",Natsuki Takaya,Comics & Graphic Novels,2,22
"Death Note, Vol. 5: Whiteout (Death Note #5)",Tsugumi Ōba,Sequential Art,14,22
"The Demon Prince of Momochi House, Vol. 4 (The Demon Prince of Momochi House #4)",Aya Shouoto,Comics & Graphic Novels,21,22
"Fruits Basket, Vol. 4 (Fruits Basket #4)",Natsuki Takaya,Comics & Graphic Novels,2,22
"The Wicked + The Divine, Vol. 3: Commercial Suicide (The Wicked + The Divine)",Kieron Gillen,Comics & Graphic Novels,21,22
"The Sandman, Vol. 3: Dream Country (The Sandman (volumes) #3)",Neil Gaiman,Comics & Graphic Novels,21,22
"Saga, Volume 3 (Saga (Collected Editions) #3)",A. G. Howard,Young Adult Fiction,4,22
Prodigy: The Graphic Novel (Legend: The Graphic Novel #2),Rick Riordan,Juvenile Fiction,0,22
Persepolis: The Story of a Childhood (Persepolis #1-2),Marjane Satrapi,Sequential Art,7,22
Original Fake,Kirstin Cronn-Mills,Sequential Art,14,22
"Grayson, Vol 3: Nemesis (Grayson #3)",Tom King,Comics & Graphic Novels,21,22
"Fruits Basket, Vol. 3 (Fruits Basket #3)",Natsuki Takaya,Comics & Graphic Novels,2,22
"Black Butler, Vol. 1 (Black Butler #1)",Yana Toboso,Comics & Graphic Novels,21,22
Awkward,Henry James,Sequential Art,14,22
"The Sandman, Vol. 2: The Doll's House (The Sandman (volumes) #2)",Neil Gaiman,Comics & Graphic Novels,21,22
"Saga, Volume 2 (Saga (Collected Editions) #2)",Stan Sakai,Comics & Graphic Novels,21,22
"Fruits Basket, Vol. 2 (Fruits Basket #2)",Natsuki Takaya,Sequential Art,2,22
"Y: The Last Man, Vol. 1: Unmanned (Y: The Last Man #1)",Brian K. Vaughan,Comics & Graphic Novels,21,22
"The Wicked + The Divine, Vol. 1: The Faust Act (The Wicked + The Divine)",Kieron Gillen,Comics & Graphic Novels,21,22
"The Sandman, Vol. 1: Preludes and Nocturnes (The Sandman (volumes) #1)",Neil Gaiman,Comics & Graphic Novels,21,22
The Complete Maus (Maus #1-2),Art Spiegelman,Sequential Art,14,22
"Skip Beat!, Vol. 01 (Skip Beat! #1)",Yoshiki Nakamura,Comics & Graphic Novels,21,22
"Saga, Volume 1 (Saga (Collected Editions) #1)",Stan Sakai,Comics & Graphic Novels,21,22
"Rat Queens, Vol. 1: Sass & Sorcery (Rat Queens (Collected Editions) #1-5)",Kurtis J. Wiebe,Assassins,14,22
"Paper Girls, Vol. 1 (Paper Girls #1-5)",Brian K. Vaughan,Comics & Graphic Novels,21,22
"Ouran High School Host Club, Vol. 1 (Ouran High School Host Club #1)",Bisco Hatori,Comics & Graphic Novels,21,22
"Ms. Marvel, Vol. 1: No Normal (Ms. Marvel (2014-2015) #1)",G. Willow Wilson,Comics & Graphic Novels,21,22
"Hawkeye, Vol. 1: My Life as a Weapon (Hawkeye #1)",Unknown,Comics & Graphic Novels,21,22
"Giant Days, Vol. 1 (Giant Days #1-4)",John Allison,Young Adult Fiction,4,22
"Fruits Basket, Vol. 1 (Fruits Basket #1)",Natsuki Takaya,Sequential Art,2,22
"Bleach, Vol. 1: Strawberry and the Soul Reapers (Bleach #1)",Tite Kubo,Comics & Graphic Novels,21,22
"Ajin: Demi-Human, Volume 1 (Ajin: Demi-Human #1)",Gamon Sakurai,Sequential Art,6,22
The Secret Garden,Frances Hodgson Burnett,Classics,18,22
The Metamorphosis,"Kuper, Peter",Classics,18,22
The Pilgrim's Progress,John Bunyan,Classics,18,22
The Hound of the Baskervilles (Sherlock Holmes #5),Arthur Conan Doyle,Classics,18,22
Little Women (Little Women #1),Louisa May Alcott,Classics,18,22
Gone with the Wind,Margaret Mitchell,Classics,18,22
Candide,Voltaire,Classics,18,22
Animal Farm,George Orwell,Classics,18,22
Wuthering Heights,Emily Brontë,Classics,18,22
The Picture of Dorian Gray,Oscar Wilde,Classics,18,22
The Complete Stories and Poems (The Works of Edgar Allan Poe [Cameo Edition]),Edgar Allan Poe,Fiction,7,22
Beowulf,Anonymous,Classics,18,22
And Then There Were None,Agatha Christie,Classics,18,22
The Story of Hong Gildong,Kyun Hŏ,Classics,18,22
The Little Prince,James E. Higgins,Classics,18,22
Sense and Sensibility,Jane Austen,Classics,18,22
Of Mice and Men,John Steinbeck,Classics,18,22
Emma,Jane Austen,Classics,18,22
Alice in Wonderland (Alice's Adventures in Wonderland #1),Lewis Carroll,Classics,18,22
Sophie's World,Jostein Gaarder,Philosophy,14,22
The Death of Humanity: and the Case for Life,Richard Weikart,Religion,7,22
The Stranger,Mark Twain,Philosophy,15,22
Proofs of God: Classical Arguments from Tertullian to Barth,George Stuart Fullerton,Self-Help,7,22
Kierkegaard: A Christian Missionary to Christians,Michio Ogino,Religion,6,22
"At The Existentialist CafÃ©: Freedom, Being, and apricot cocktails with: Jean-Paul Sartre, Simone de Beauvoir, Albert Camus, Martin Heidegger, Edmund Husserl, Karl Jaspers, Maurice Merleau-Ponty and others",Sarah Bakewell,Philosophy,13,22
Critique of Pure Reason,Immanuel Kant,Philosophy,6,22
"Run, Spot, Run: The Ethics of Keeping Pets",Jessica Pierce,Pets,7,22
The Nicomachean Ethics,Aristotle,Philosophy,7,22
Meditations,Marcus Aurelius,Philosophy,14,22
Beyond Good and Evil,Friedrich Nietzsche,Philosophy,14,22
Chase Me (Paris Nights #2),Unknown,Romance,19,22
Black Dust,Lynn Charles,Romance,19,22
Her Backup Boyfriend (The Sorensen Family #1),Ashlee Mallory,Fiction,11,22
First and First (Five Boroughs #3),Unknown,Romance,19,22
Fifty Shades Darker (Fifty Shades #2),E L James,Fiction,14,22
The Wedding Dress,Danielle Steel,Romance,19,22
Suddenly in Love (Lake Haven #1),Julia London,Fiction,11,22
Something More Than This,Barbie Bohrman,Romance,19,22
Doing It Over (Most Likely To #1),Jonna Doolittle Hoppes,History,15,22
The Wedding Pact (The O'Malleys #2),Ken Gray,Romance,19,22
Hold Your Breath (Search and Rescue #1),Katie Ruggle,Fiction,11,22
Dirty (Dive Bar #1),Unknown,Romance,19,22
Take Me Home Tonight (Rock Star Romance #3),Erika Kelly,Fiction,19,22
Off the Hook (Fishing for Trouble #1),Rosie Barham,Romance,19,22
A Gentleman's Position (Society of Gentlemen #3),Jen Turano,Fiction,11,22
"Sit, Stay, Love",J. J. Howard,Romance,19,22
A Girl's Guide to Moving On (New Beginnings #2),Debbie Macomber,Romance,9,22
The Perfect Play (Play by Play #1),George Gladir,Juvenile Fiction,0,22
Dark Lover (Black Dagger Brotherhood #1),J. R. Ward,Romance,8,22
Changing the Game (Play by Play #2),Samantha Wayland,Fiction,6,22
A Walk to Remember,Nicholas Sparks,Romance,19,22
The Purest Hook (Second Circle Tattoos #3),Unknown,Romance,19,22
The Obsession,Nora Roberts,Romance,19,22
Reservations for Two,Jennifer Lohmann,Romance,19,22
Best of My Love (Fool's Gold #20),Unknown,Romance,19,22
Where Lightning Strikes (Bleeding Stars #3),Unknown,Romance,19,22
This One Moment (Pushing Limits #1),Unknown,Romance,19,22
"Rhythm, Chord & Malykhin",Mariana Zapata,Romance,19,22
My Perfect Mistake (Over the Top #1),Sherree Wilson,Self-Help,7,22
Listen to Me (Fusion #1),Unknown,Romance,19,22
Imperfect Harmony,Joshua Coleman,Romance,19,22
Fighting Fate (Fighting #6),Maree Green,Romance,1,22
Deep Under (Walker Security #1),Unknown,Romance,19,22
Charity's Cross (Charles Towne Belles #4),Unknown,Romance,19,22
Bounty (Colorado Mountain #7),Unknown,Romance,19,22
I Had a Nice Time And Other Lies...: How to find love & sh*t like that,Betches,Humor,15,22
Will You Won't You Want Me?,Nora Zelevansky,Womens Fiction,11,22
Keep Me Posted,Lisa Beazley,Womens Fiction,11,22
Grey (Fifty Shades #4),E L James,Fiction,14,22
Meternity,Meghann Foye,Womens Fiction,11,22
Some Women,Robert Mapplethorpe,Womens Fiction,11,22
Shopaholic Ties the Knot (Shopaholic #3),Sophie Kinsella,"Bloomwood, Becky (Fictitious Character)",7,22
Can You Keep a Secret?,Sophie Kinsella,Womens Fiction,11,22
Twenties Girl,Sophie Kinsella,Womens Fiction,11,22
The Undomestic Goddess,Sophie Kinsella,Womens Fiction,11,22
The Nanny Diaries (Nanny #1),Emma Mclaughlin,Womens Fiction,11,22
The Devil Wears Prada (The Devil Wears Prada #1),Unknown,Womens Fiction,11,22
Something Borrowed (Darcy & Rachel #1),Unknown,Womens Fiction,11,22
Something Blue (Darcy & Rachel #2),Unknown,Womens Fiction,11,22
I've Got Your Number,Sophie Kinsella,Womens Fiction,11,22
The Edge of Reason (Bridget Jones #2),Bright Summaries,Study Aids,7,22
Bridget Jones's Diary (Bridget Jones #1),Unknown,Womens Fiction,11,22
Soumission,Michel Houellebecq,Fiction,11,22
Private Paris (Private #10),James Patterson,Large Type Books,14,22
"We Love You, Charlie Freeman",Kaitlyn Greenidge,Fiction,11,22
Thirst,Varsha Bajaj,Fiction,11,22
The Murder That Never Was (Forensic Instincts #5),Unknown,Fiction,8,22
Tuesday Nights in 1980,Molly Prentiss,Fiction,11,22
The Vacationers,Emma Straub,Fiction,11,22
The Regional Office Is Under Attack!,Manuel Gonzales,Fiction,11,22
Finders Keepers (Bill Hodges Trilogy #2),Geoffrey Homes,Fiction,11,22
The Time Keeper,Mitch Albom,Fiction,11,22
The Testament of Mary,Colm Tóibín,Fiction,11,22
The First Hostage (J.B. Collins #2),Unknown,Fiction,8,22
Take Me with You,Catherine Ryan Hyde,Fiction,11,22
Still Life with Bread Crumbs,Anna Quindlen,Fiction,13,22
Shtum,Jem Lester,Fiction,11,22
My Name Is Lucy Barton,Elizabeth Strout,Fiction,11,22
My Mrs. Brown,William Norwich,Fiction,14,22
Mr. Mercedes (Bill Hodges Trilogy #1),Stephen King,Fiction,5,22
I Am Pilgrim (Pilgrim #1),Terry Hayes,Fiction,11,22
Eligible (The Austen Project #4),Unknown,Fiction,8,22
Eight Hundred Grapes,Laura Dave,Fiction,11,22
Dear Mr. Knightley,Katherine Reay,Fiction,11,22
Cometh the Hour (The Clifton Chronicles #6),Jeffrey Archer,Fiction,11,22
Balloon Animals,Barb Whiter,Fiction,11,22
A Man Called Ove,Trivion Books,Fiction,11,22
The Silent Sister (Riley MacPherson #1),Margaret Archer,Fiction,11,22
The Dinner Party,Claude Mauriac,Fiction,13,22
The Improbability of Love,Hannah Rothschild,Fiction,11,22
Mothering Sunday,Graham Swift,Fiction,11,22
Lies and Other Acts of Love,Kristy Woodson Harvey,Fiction,11,22
Daredevils,David Mazzucchelli,Fiction,11,22
11/22/63,Stephen King,Fiction,5,22
The Shack,William P. Young,Fiction,11,22
The High Mountains of Portugal,Yann Martel,Fiction,11,22
Miller's Valley,Anna Quindlen,Fiction,13,22
Hystopia: A Novel,David Means,Fiction,11,22
The Bourne Identity (Jason Bourne #1),Robert Ludlum,Fiction,11,22
Sister Dear,Kate William,Fiction,11,22
Memoirs of a Geisha,Arthur Golden,Fiction,11,22
Me Before You (Me Before You #1),Jojo Moyes,Fiction,11,22
Deception Point,Dan Brown,Fiction,14,22
The Little Paris Bookshop,Nina George,Fiction,11,22
The Firm,John Grisham,Fiction,1,22
The Expatriates,Janice Y. K. Lee,Fiction,11,22
Siddhartha,Hermann Hesse,Fiction,11,22
Last One Home (New Beginnings #1),Debbie Macomber,Fiction,11,22
Digital Fortress,Dan Brown,Fiction,14,22
Atlas Shrugged,Ayn Rand,Fiction,11,22
Three-Martini Lunch,Suzanne Rindell,Fiction,11,22
The Nightingale,Kristin Hannah,Fiction,11,22
The Infinities,Franklin W. Dixon,Fiction,11,22
The Husband's Secret,Liane Moriarty,Fiction,18,22
The Da Vinci Code (Robert Langdon #2),Dan Brown,Suspense Fiction,14,22
The Art of Fielding,Chad Harbach,Fiction,11,22
Lila (Gilead #3),Unknown,Fiction,8,22
Jurassic Park (Jurassic Park #1),Michael Crichton,Fiction,11,22
Inferno (Robert Langdon #4),Dan Brown,Fiction,14,22
Crazy Rich Asians (Crazy Rich Asians #1),Kevin Kwan,Fiction,11,22
Big Little Lies,Liane Moriarty,Fiction,11,22
The Course of Love,Alain De Botton,Fiction,11,22
When I'm Gone,Emily Bleeker,Fiction,11,22
The Silent Wife,A. S. A. Harrison,Fiction,11,22
The Bette Davis Club,Jane Lotter,Fiction,11,22
Kitchens of the Great Midwest,J. Ryan Stradal,Fiction,11,22
Bright Lines,Tanwi Nandini Islam,Fiction,11,22
Birdsong: A Story in Pictures,James Sturm,Juvenile Fiction,0,22
The Bear and the Piano,David Litchfield,Childrens,14,22
The Secret of Dreadwillow Carse,Brian Farrey,Childrens,18,22
The White Cat and the Monk: A Retelling of the Poem âPangur BÃ¡nâ,Unknown,Childrens,7,22
Little Red,Sarah Mountbatten-Windsor Duchess Of York,Childrens,6,22
Walt Disney's Alice in Wonderland,Teddy Slater,Childrens,1,22
Twenty Yawns,Jane Smiley,Childrens,14,22
Rain Fish,Lois Ehlert,Childrens,14,22
Once Was a Time,Leila Sales,Childrens,14,22
Luis Paints the World,Terry Farish,Childrens,7,22
Nap-a-Roo,Kristy Kurjan,Childrens,14,22
The Whale,Julia Donaldson,Childrens,7,22
"Shrunken Treasures: Literary Classics, Short, Sweet, and Silly",Scott Nash,Juvenile Fiction,0,22
Raymie Nightingale,Kate Dicamillo,Childrens,14,22
Playing from the Heart,Peter H. Reynolds,Childrens,7,22
Maybe Something Beautiful: How Art Transformed a Neighborhood,F. Isabel Campoy,Juvenile Fiction,0,22
The Wild Robot,Peter Brown,Childrens,14,22
The Thing About Jellyfish,Ali Benjamin,Childrens,7,22
The Lonely Ones,William Steig,Childrens,7,22
The Day the Crayons Came Home (Crayons),Drew Daywalt,Childrens,7,22
The Cat in the Hat (Beginner Books B-1),Random House,Juvenile Fiction,0,22
Red: The True Story of Red Riding Hood,Agnese Baruzzi,Childrens,7,22
Horrible Bear!,"Dyckman, Ame",Childrens,14,22
Green Eggs and Ham (Beginner Books B-16),"Scholastic, Inc. Staff",Childrens,1,22
Counting Thyme,Melanie Conklin,Childrens,14,22
Are We There Yet?,David Levithan,Childrens,14,22
Diary of a Minecraft Zombie Book 1: A Scare of a Dare (An Unofficial Minecraft Book),Herobrine Publishing,Minecraft (Game),6,22
Matilda,Roald Dahl,Childrens,14,22
Charlie and the Chocolate Factory (Charlie Bucket #1),Roald Dahl,Juvenile Fiction,0,22
"Don't Be a Jerk: And Other Practical Advice from Dogen, Japan's Greatest Zen Master",Brad Warner,Religion,14,22
You Are What You Love: The Spiritual Power of Habit,Drew Dyck,Religion,7,22
God: The Most Unpleasant Character in All Fiction,Jack Symes,Philosophy,1,22
The Book of Mormon,"Joseph Smith, Jr.",Religion,7,22
"A History of God: The 4,000-Year Quest of Judaism, Christianity, and Islam",Worth Books,Religion,7,22
The Bhagavad Gita,Edwin Arnold,Religion,7,22
Choosing Our Religion: The Spiritual Lives of America's Nones,Elizabeth Drescher,Religion,1,22
Worlds Elsewhere: Journeys Around Shakespeareâs Globe,Ann Hardy,Theater,14,22
The Five Love Languages: How to Express Heartfelt Commitment to Your Mate,Gary D. Chapman,Religion,15,22
Reasons to Stay Alive,Matt Haig,Nonfiction,9,22
#HigherSelfie: Wake Up Your Life. Free Your Soul. Find Your Tribe.,Lucy Sheridan,"Body, Mind & Spirit",14,22
"Unseen City: The Majesty of Pigeons, the Discreet Charm of Snails & Other Wonders of the Urban Wilderness",Nathanael Johnson,Biography & Autobiography,10,22
Throwing Rocks at the Google Bus: How Growth Became the Enemy of Prosperity,Douglas Rushkoff,Business & Economics,7,22
The Life-Changing Magic of Tidying Up: The Japanese Art of Decluttering and Organizing,Decluttering And Decluttering And Organizing,Nonfiction,9,22
The Gutsy Girl: Escapades for Your Life of Epic Adventure,Caroline Paul,Juvenile Nonfiction,9,22
The Electric Pencil: Drawings from Inside State Hospital No. 3,James Edward Deeds,Art,14,22
Spark Joy: An Illustrated Master Class on the Art of Organizing and Tidying Up,Marie Kondo,House & Home,14,22
Reskilling America: Learning to Labor in the Twenty-First Century,"Meçik, Oytun",Business & Economics,7,22
In the Country We Love: My Family Divided,Diane Guerrero,Biography & Autobiography,10,22
Everydata: The Misinformation Hidden in the Little Data You Consume Every Day,John H. Johnson,Business & Economics,7,22
Call the Nurse: True Stories of a Country Nurse on a Scottish Isle,Mary J. Macleod,Biography & Autobiography,10,22
Algorithms to Live By: The Computer Science of Human Decisions,Brian Christian,Science,6,22
The Power of Now: A Guide to Spiritual Enlightenment,Eckhart Tolle,Nonfiction,9,22
The Omnivore's Dilemma: A Natural History of Four Meals,Worth Books,Nonfiction,9,22
The Genius of Birds,Jennifer Ackerman,Nonfiction,9,22
The Artist's Way: A Spiritual Path to Higher Creativity,Julia Cameron,Art,14,22
So You've Been Publicly Shamed,Jon Ronson,Nonfiction,9,22
"Daring Greatly: How the Courage to Be Vulnerable Transforms the Way We Live, Love, Parent, and Lead",The Review Press,Nonfiction,6,22
Big Magic: Creative Living Beyond Fear,Mentors Library,Self-Help,14,22
Becoming Wise: An Inquiry into the Mystery and Art of Living,Krista Tippett,Religion,14,22
Agnostic: A Spirited Manifesto,Lesley Hazleton,Religion,14,22
Whole Lotta Creativity Going On: 60 Fun and Unusual Exercises to Awaken and Strengthen Your Creativity,Regina Pacelli,Self-Help,14,22
What's It Like in Space?: Stories from Astronauts Who've Been There,Chris Hadfield,Biography & Autobiography,10,22
The Year of Magical Thinking,Joan Didion,Nonfiction,9,22
The Literature Book (Big Ideas Simply Explained),Dk,Literary Criticism,7,22
The Bad-Ass Librarians of Timbuktu: And Their Race to Save the Worldâs Most Precious Manuscripts,Joshua Hammer,Biography & Autobiography,10,22
Swell: A Year of Waves,Raymond C. Smith,Ocean Waves,6,22
No Dream Is Too High: Life Lessons From a Man Who Walked on the Moon,Buzz Aldrin,Biography & Autobiography,10,22
Looking for Lovely: Collecting the Moments that Matter,Annie F. Downs,"Body, Mind & Spirit",14,22
Let It Out: A Journey Through Journaling,Katie Dalebout,Self-Help,14,22
Hamilton: The Revolution,Scott Miller,Nonfiction,9,22
"Far & Away: Places on the Brink of Change: Seven Continents, Twenty-Five Years",Andrew Solomon,Nonfiction,9,22
"Eaternity: More than 150 Deliciously Easy Vegan Recipes for a Long, Healthy, Satisfied, Joyful Life",Sharon Gannon,Cooking,13,22
Buying In: The Secret Dialogue Between What We Buy and Who We Are,Joe Vitale,Business & Economics,18,22
Brain on Fire: My Month of Madness,Paul Adams / Bookhabits,Nonfiction,9,22
Abstract City,Christoph Niemann,Nonfiction,9,22
13 Hours: The Inside Account of What Really Happened In Benghazi,J.J. Holt,History,1,22
The Lonely City: Adventures in the Art of Being Alone,Olivia Laing,Biography & Autobiography,10,22
The Diary of a Young Girl,Cherry Gilchrist,Nonfiction,9,22
Snatched: How A Drug Queen Went Undercover for the DEA and Was Kidnapped By Colombian Guerillas,Lia Posada,Political Science,6,22
Furiously Happy: A Funny Book About Horrible Things,Jenny Lawson,Biography & Autobiography,10,22
"The Sleep Revolution: Transforming Your Life, One Night at a Time",Arianna Huffington,Sleep Deprivation,13,22
"Mother, Can You Not?",Kate Siegel,Nonfiction,9,22
A Mother's Reckoning: Living in the Aftermath of Tragedy,Sue Klebold,Biography & Autobiography,10,22
"10% Happier: How I Tamed the Voice in My Head, Reduced Stress Without Losing My Edge, and Found Self-Help That Actually Works",Shortcut Edition,Business & Economics,7,22
Chernobyl 01:23:40: The Incredible True Story of the World's Worst Nuclear Disaster,"50Minutes,",History,7,22
"Zero to One: Notes on Startups, or How to Build the Future",Whizbooks,Nonfiction,15,22
Why Not Me?,Mindy Kaling,Nonfiction,9,22
When Breath Becomes Air,Paul Kalanithi,Nonfiction,9,22
"The Midnight Assassin: Panic, Scandal, and the Hunt for America's First Serial Killer",Lise Olsen,True Crime,14,22
Smarter Faster Better: The Secrets of Being Productive in Life and Business,Worth Books,Nonfiction,9,22
Rising Strong,Brené Brown,Nonfiction,9,22
Man's Search for Meaning,Duncan Howlett,Nonfiction,9,22
"Love That Boy: What Two Presidents, Eight Road Trips, and My Son Taught Me About a Parent's Expectations",Cameron Johnson,Family & Relationships,14,22
Living Forward: A Proven Plan to Stop Drifting and Get the Life You Want,Goldmine Reads,Business & Economics,7,22
I Will Find You,Harlan Coben,Nonfiction,9,22
Brazen: The Courage to Find the You That's Been Hiding,R. Dennis Baird,Fiction,6,22
Between the World and Me,Ta-Nehisi Coates,Nonfiction,9,22
Being Mortal: Medicine and What Matters in the End,Boyce Chiodi,Nonfiction,9,22
"A Murder Over a Girl: Justice, Gender, Junior High",Ken Corbett,Nonfiction,9,22
For the Love: Fighting for Grace in a World of Impossible Standards,Instaread,Religion,1,22
Finding God in the Ruins: How God Redeems Pain,Matt Bays,Christian Life,6,22
The Man Who Mistook His Wife for a Hat and Other Clinical Tales,Oliver Sacks,Nonfiction,9,22
In Cold Blood,Truman Capote,Nonfiction,9,22
"Girl, Interrupted",Susanna Kaysen,Nonfiction,9,22
Why Save the Bankers?: And Other Essays on Our Economic and Political Crisis,Thomas Piketty,Business & Economics,7,22
Talking to Girls About Duran Duran: One Young Man's Quest for True Love and a Cooler Haircut,Rob Sheffield,Biography & Autobiography,10,22
My Mother Was Nuts,Penny Marshall,Nonfiction,9,22
"Data, A Love Story: How I Gamed Online Dating to Meet My Match",Amy Webb,Biography & Autobiography,10,22
The Jazz of Physics: The Secret Link Between Music and the Structure of the Universe,Stephon Alexander,Science,18,22
The Gunning of America: Business and the Making of American Gun Culture,Pamela Haag,History,7,22
The Geography of Bliss: One Grump's Search for the Happiest Places in the World,Eric Weiner,Travel,7,22
God Is Not Great: How Religion Poisons Everything,Christopher Hitchens,Nonfiction,15,22
We the People: The Modern-Day Figures Who Have Reshaped and Affirmed the Founding Fathers' Vision of America,Founding Fathers,Nonfiction,9,22
Very Good Lives: The Fringe Benefits of Failure and the Importance of Imagination,J. K. Rowling,Nonfiction,9,22
"Unstuffed: Decluttering Your Home, Mind, and Soul",Brenda K Moore,Religion,14,22
Under the Banner of Heaven: A Story of Violent Faith,Jon Krakauer,True Crime,7,22
"Trespassing Across America: One Man's Epic, Never-Done-Before (and Sort of Illegal) Hike Across the Heartland",Ken Ilgunas,Biography & Autobiography,10,22
The Name of God is Mercy,Instaread Summaries,Nonfiction,9,22
Stiff: The Curious Lives of Human Cadavers,Worth Books,Nonfiction,9,22
Spilled Milk: Based on a True Story,K. L. Randis,Child Abuse,14,22
"Rise of the Rocket Girls: The Women Who Propelled Us, from Missiles to the Moon to Mars",Worth Books,Nonfiction,9,22
Outliers: The Story of Success,Bookcaps Study Guides Staff,Nonfiction,9,22
Notes from a Small Island (Notes From a Small Island #1),Bill Bryson,Nonfiction,9,22
Night (The Night Trilogy #1),Jane Hinchey,Fiction,11,22
"Miracles from Heaven: A Little Girl, Her Journey to Heaven, and Her Amazing Story of Healing",Christy Wilson Beam,Biography & Autobiography,10,22
Letter to a Christian Nation,Sam Harris,Nonfiction,9,22
Let's Pretend This Never Happened: A Mostly True Memoir,Jennie Goodrich,Nonfiction,9,22
It's Never Too Late to Begin Again: Discovering Creativity and Meaning at Midlife and Beyond,Julia Cameron,Self-Help,14,22
Into the Wild,Erin Hunter,Nonfiction,9,22
"In the Garden of Beasts: Love, Terror, and an American Family in Hitler's Berlin",Arwen Lee Adams Bicknell,Study Aids,1,22
I Am Malala: The Girl Who Stood Up for Education and Was Shot by the Taliban,Whizbooks,Nonfiction,9,22
Gratitude,Oliver Sacks,Nonfiction,9,22
Disrupted: My Misadventure in the Start-Up Bubble,Dan Lyons,Computers,1,22
Brave Enough,Nicole Unice,Nonfiction,9,22
"Born to Run: A Hidden Tribe, Superathletes, and the Greatest Race the World Has Never Seen",Worth Books,Sports & Recreation,14,22
Blink: The Power of Thinking Without Thinking,Unknown,Self-Help,8,22
Black Flags: The Rise of ISIS,Worth Books,Nonfiction,9,22
Are We Smart Enough to Know How Smart Animals Are?,Frans De Waal,Nonfiction,9,22
A Walk in the Woods: Rediscovering America on the Appalachian Trail,Tiffanie Wen,Study Aids,1,22
"The Suffragettes (Little Black Classics, #96)",Unknown,Nonfiction,9,22
Kindle Paperwhite User's Guide,Daniel Mcdermott,Nonfiction,9,22
H is for Hawk,Helen Macdonald,Nonfiction,9,22
Travels with Charley: In Search of America,John Steinbeck,Nonfiction,9,22
The Tumor,Robert Carachi,Nonfiction,9,22
The End of the Jesus Era (An Investigation #1),Danail Hristov,Nonfiction,9,22
"Eat, Pray, Love",Elizabeth Gilbert,Nonfiction,9,22
Rip it Up and Start Again,Simon Reynolds,Music,14,22
"Our Band Could Be Your Life: Scenes from the American Indie Underground, 1981-1991",Michael Azerrad,Music,14,22
How Music Works,David Byrne,Music,15,22
Love Is a Mix Tape (Music #1),Rob Sheffield,Fiction,11,22
Please Kill Me: The Uncensored Oral History of Punk,Legs Mcneil,Music,7,22
Kill 'Em and Leave: Searching for James Brown and the American Soul,James Mcbride,Biography & Autobiography,10,22
"Chronicles, Vol. 1",Karl Smith,Music,14,22
This Is Your Brain on Music: The Science of a Human Obsession,Daniel J. Levitin,Science,6,22
"Orchestra of Exiles: The Story of Bronislaw Huberman, the Israel Philharmonic, and the One Thousand Jews He Saved from Nazi Horrors",Josh Aronson,History,7,22
No One Here Gets Out Alive,Jerry Hopkins,Music,14,22
Life,Mark Twain,Music,15,22
Old Records Never Die: One Man's Quest for His Vinyl and His Past,Eric Spitznagel,Antiques & Collectibles,14,22
Forever Rockers (The Rocker #12),Terri Anne Browning,Man-Woman Relationships,7,22
"The Coming Woman: A Novel Based on the Life of the Infamous Feminist, Victoria Woodhull",Jacqueline Mclean,Biography & Autobiography,10,22
The Boys in the Boat: Nine Americans and Their Epic Quest for Gold at the 1936 Berlin Olympics,Whizbooks,Default,13,22
"Starving Hearts (Triangular Trade Trilogy, #1)",Unknown,Default,17,22
America's Cradle of Quarterbacks: Western Pennsylvania's Football Factory from Johnny Unitas to Joe Montana,Wayne Stewart,Football,7,22
Aladdin and His Wonderful Lamp,Richard Francis Burton,Default,17,22
Penny Maybe,Kathleen Martin,Default,17,22
Maude (1883-1993):She Grew Up with the country,Mardo Williams,Biography & Autobiography,10,22
"The Inefficiency Assassin: Time Management Tactics for Working Smarter, Not Longer",Unknown,Success In Business,7,22
Soul Reader,Dianne Bright,Default,17,22
Bossypants,Tina Fey,Default,17,22
A World of Flavor: Your Gluten Free Passport,Amber Barrett,Gluten-Free Diet,6,22
"A Piece of Sky, a Grain of Rice: A Memoir in Four Meditations",Christine Hale,Default,1,22
Tracing Numbers on a Train,James Mcdonald,Default,14,22
Thirteen Reasons Why,Jay Asher,Default,17,22
The Secret (The Secret #1),Alma Alexander,Default,18,22
The Psychopath Test: A Journey Through the Madness Industry,Jon Ronson,Psychology,7,22
The Kite Runner,Khaled Hosseini,Default,17,22
The Girl on the Train,Paula Hawkins,Default,9,22
The Emerald Mystery,J. A. Lath,Default,17,22
The Bridge to Consciousness: I'm Writing the Bridge Between Science and Our Old and New Beliefs.,David J Conway,Science,11,22
The Art of War,孙武,Default,17,22
Secrets and Lace (Fatal Hearts #1),Al Lacy,Fiction,11,22
Romero and Juliet: A Tragic Tale of Love and Zombies,Koji Steven Sakai,Default,14,22
Poses for Artists Volume 1 - Dynamic and Sitting Poses: An Essential Reference for Figure Drawing and the Human Form,Justin R. Martin,Default,14,22
Miss Peregrineâs Home for Peculiar Children (Miss Peregrineâs Peculiar Children #1),Ransom Riggs,Comics & Graphic Novels,21,22
Large Print Heart of the Pride,Tyndale,Bibles,7,22
Grumbles,Tricia Goyer,Default,17,22
First Steps for New Christians (Print Edition),Eddie Rasnake,Religion,14,22
Eureka Trivia 6.0,Darrick Williams,Games,14,22
Drive: The Surprising Truth About What Motivates Us,Daniel H. Pink,Business & Economics,7,22
Done Rubbed Out (Reightman & Bailey #1),Unknown,Default,17,22
Beauty Restored (Riley Family Legacy Novellas #3),Unknown,Default,17,22
Ayumi's Violin,Mariko Tatsumoto,Default,17,22
Anonymous,Donna Leon,Default,17,22
Amy Meets the Saints and Sages,Ernie Rosenberg,Default,17,22
Amatus,Gregory Preisel,Default,17,22
V for Vendetta (V for Vendetta Complete),Alan Moore,Comics & Graphic Novels,21,22
"Unbroken: A World War II Story of Survival, Resilience, and Redemption",K. D. Phillips,Default,17,22
The Wright Brothers,David Mccullough,Default,17,22
The Songs of the Gods,Dimitrios Spyridon Chytiris,Default,17,22
The Rosie Project (Don Tillman #1),Graeme Simsion,Fiction,11,22
The Power of Habit: Why We Do What We Do in Life and Business,P. James Holland,Default,14,22
Steve Jobs,Walter Isaacson,Default,17,22
Luckiest Girl Alive,Jessica Knoll,Default,17,22
"Living Leadership by Insight: A Good Leader Achieves, a Great Leader Builds Monuments",Gardner E. Daniel,Education,14,22
Lady Midnight (The Dark Artifices #1),Cassandra Clare,Young Adult Fiction,12,22
"Hush, Hush (Hush, Hush #1)",Becca Fitzpatrick,Young Adult Fiction,4,22
Greek Mythic History,Spencer Clevenger,Fiction,11,22
Every Last Word,Tamara Ireland Stone,Default,17,22
Daily Fantasy Sports,Jay Correia,Default,8,22
Clockwork Angel (The Infernal Devices #1),Cassandra Clare,Young Adult Fiction,12,22
City of Fallen Angels (The Mortal Instruments #4),Cassandra Clare,Fiction,12,22
City of Bones (The Mortal Instruments #1),Cassandra Clare,Juvenile Fiction,12,22
City of Ashes (The Mortal Instruments #2),Lois H. Gresh,Juvenile Nonfiction,12,22
"Carry On, Warrior: Thoughts on Life Unarmed",Glennon Doyle,Alcoholics,14,22
Carrie,Stephen King,Default,5,22
Angels & Demons (Robert Langdon #1),Dan Brown,Fiction,14,22
"The Three Searches, Meaning, and the Story",John H.T. Francis,Self-Help,1,22
Raspberry Pi Electronics Projects for the Evil Genius,"Norris, Donald (Electrical Engineer)",Default,17,22
How to Speak Golf: An Illustrated Guide to Links Lingo,Sally Cook,Sports & Recreation,15,22
Eleanor & Park,Rainbow Rowell,Default,17,22
Troublemaker: Surviving Hollywood and Scientology,Leah Remini,Biography & Autobiography,10,22
Adultery,Annette Lawson,Default,17,22
Unlimited Intuition Now,Catherine Carrigan,Default,17,22
Underlying Notes,Eva Pasco,Default,17,22
The New Brand You: Your New Image Makes the Sale for You,Peter W. Rea,Performing Arts,7,22
The Flowers Lied,D. M. Thornton,Default,17,22
"NaNo What Now? Finding your editing process, revising your NaNoWriMo book and building a writing career through publishing and beyond",Robbie Mccauley,Default,14,22
Modern Day Fables,Elizabeth Barber (Novelist),Default,17,22
The Unlikely Pilgrimage of Harold Fry (Harold Fry #1),Khadija Caffoor,Humorous Stories,7,22
The Martian (The Martian #1),Dana George Dunsieth,Fiction,7,22
Left Behind (Left Behind #1),Jerry B. Jenkins,Default,17,22
John Vassos: Industrial Design for Modern Life,Society Of Industrial Designers (New York),Default,1,22
I'll Give You the Sun,Jandy Nelson,Default,17,22
Heaven is for Real: A Little Boy's Astounding Story of His Trip to Heaven and Back,Todd Burpo,Juvenile Nonfiction,9,22
Ender's Game (The Ender Quintet #1),Orson Scott Card,Fiction,11,22
Death by Leisure: A Cautionary Tale,Chris Ayres,Humor,6,22
Wildlife of New York: A Five-Borough Coloring Book,Unknown,Animals,7,22
The Year of Living Biblically: One Man's Humble Quest to Follow the Bible as Literally as Possible,Mark L. Strauss,Religion,15,22
The Great Gatsby,F. Scott Fitzgerald,Default,17,22
The Good Girl,Mary Kubica,Default,17,22
The 7 Habits of Highly Effective People: Powerful Lessons in Personal Change,Whizbooks,Default,1,22
Steal Like an Artist: 10 Things Nobody Told You About Being Creative,Austin Kleon,Default,17,22
Life of Pi,Yann Martel,Default,17,22
The Sound Of Love,Norma Frances Greco,Default,17,22
The Perks of Being a Wallflower,Stephen Chbosky,Default,17,22
The Makings of a Fatherless Child,Rex Mildower,Family & Relationships,7,22
The Hobbit (Middle-Earth Universe),Christopher A. Snyder,Literary Criticism,7,22
The Fellowship of the Ring (The Lord of the Rings #1),J. R. R. Tolkien,Fiction,7,22
Ship Leaves Harbor: Essays on Travel by a Recovering Journeyman,Unknown,Default,6,22
Musicophilia: Tales of Music and the Brain,Oliver Sacks,Default,14,22
What If?: Serious Scientific Answers to Absurd Hypothetical Questions,Randall Munroe,Default,17,22
The Fault in Our Stars,John Green,Default,1,22
The Dream Thieves (The Raven Cycle #2),Maggie Stiefvater,Young Adult Fiction,4,22
The 5th Wave (The 5th Wave #1),Richard Yancey,Default,7,22
Shiver (The Wolves of Mercy Falls #1),Maggie Stiefvater,Young Adult Fiction,4,22
Remember Me?,Christopher Pike,Default,17,22
If I Stay (If I Stay #1),Trivion Books,Fiction,11,22
I Know Why the Caged Bird Sings (Maya Angelou's Autobiography #1),Maya Angelou,Biography & Autobiography,10,22
Harry Potter and the Deathly Hallows (Harry Potter #7),J.K. Rowling,Juvenile Fiction,0,22
Fool Me Once,Fern Michaels,Default,17,22
Drama,Raina Telgemeier,Default,17,22
"Blue Lily, Lily Blue (The Raven Cycle #3)",Maggie Stiefvater,Fiction,11,22
Alight (The Generations Trilogy #2),Unknown,Default,17,22
Vogue Colors A to Z: A Fashion Coloring Book,Vogue Fashion Coloring Book,Default,17,22
The Shining (The Shining #1),Janette Oke,Fiction,7,22
The Hunger Games (The Hunger Games #1),Suzanne Collins,Juvenile Fiction,0,22
Outlander (Outlander #1),Diana Gabaldon,Fiction,11,22
Mockingjay (The Hunger Games #3),Suzanne Collins,Default,17,22
Harry Potter and the Sorcerer's Stone (Harry Potter #1),J. K. Rowling,Juvenile Fiction,0,22
Confessions of a Shopaholic (Shopaholic #1),Sophie Kinsella,Fiction,11,22
Zero History (Blue Ant #3),Unknown,Default,17,22
World War Z: An Oral History of the Zombie War,Max Brooks,Fiction,7,22
Wild: From Lost to Found on the Pacific Crest Trail,Whizbooks,Default,17,22
"Where'd You Go, Bernadette",Maria Semple,Default,17,22
Twilight (Twilight #1),David Preti,Default,17,22
The Paris Wife,Paula Mclain,Default,17,22
The Maze Runner (The Maze Runner #1),James Dashner,Young Adult Fiction,4,22
The Lover's Dictionary,David Levithan,Default,17,22
The Goldfinch,Donna Tartt,Default,17,22
The Giver (The Giver Quartet #1),G Whiz,Default,17,22
The Girl Who Played with Fire (Millennium Trilogy #2),Stieg Larsson,Fiction,9,22
The Demon-Haunted World: Science as a Candle in the Dark,Carl Sagan,Science,11,22
The Book Thief,Markus Zusak,Default,17,22
The Autobiography of Malcolm X,Malcolm X,Default,17,22
Shopaholic & Baby (Shopaholic #5),Sophie Kinsella,Default,17,22
Quiet: The Power of Introverts in a World That Can't Stop Talking,Reeroos,Default,1,22
Packing for Mars: The Curious Science of Life in the Void,Mary Roach,Science,6,22
Orange Is the New Black,Piper Kerman,Default,17,22
One for the Money (Stephanie Plum #1),Janet Evanovich,Fiction,11,22
Morning Star (Red Rising #3),Pierce Brown,Fiction,14,22
Life After Life,Raymond A. Moody,Default,17,22
"Lean In: Women, Work, and the Will to Lead",Worth Books,Default,1,22
Is Everyone Hanging Out Without Me? (And Other Concerns),Mindy Kaling,Default,13,22
Gone Girl,Gillian Flynn,Default,17,22
Fellside,M. R. Carey,Default,17,22
Eclipse (Twilight #3),Stephenie Meyer,Vampires-Fiction,11,22
Dracula,Bram Stoker,Default,17,22
Dead Wake: The Last Crossing of the Lusitania,Erik Larson,History,7,22
"David and Goliath: Underdogs, Misfits, and the Art of Battling Giants",J.J. Holt,Psychology,14,22
Dark Places,Gillian Flynn,Default,20,22
Breaking Dawn (Twilight #4),Stephenie Meyer,Juvenile Fiction,0,22
Beautiful Creatures (Caster Chronicles #1),Unknown,Default,17,22
A Visit from the Goon Squad,Jennifer Egan,Default,17,22
The Zombie Room,R. D. Ronald,Default,17,22
The Name of the Wind (The Kingkiller Chronicle #1),Patrick Rothfuss,Fiction,7,22
Taking Shots (Assassins #1),Elia Kazan,English Fiction,11,22
Shatter Me (Shatter Me #1),Tahereh Mafi,Young Adult Fiction,4,22
Paradise Lost (Paradise #1),J. Milton,Default,17,22
On the Road (Duluoz Legend),Jack Kerouac,Fiction,11,22
Jane Eyre,Charlotte Brontë,Default,17,22
Frankenstein,Mary Shelley,Default,17,22
Mesaerion: The Best Science Fiction Stories 1800-1849,Jules Verne,Fiction,11,22
Join,Johanna Lindsey,Science Fiction,11,22
"William Shakespeare's Star Wars: Verily, A New Hope (William Shakespeare's Star Wars #4)",Ian Doescher,Fiction,14,22
The Project,Graeme Simsion,Science Fiction,11,22
Soft Apocalypse,Will Mcintosh,Science Fiction,11,22
Sleeping Giants (Themis Files #1),Sylvain Neuvel,Young Adult Fiction,4,22
Arena,William R. Forstchen,Science Fiction,11,22
Foundation (Foundation (Publication Order) #1),Mac Walters,Comics & Graphic Novels,21,22
The Restaurant at the End of the Universe (Hitchhiker's Guide to the Galaxy #2),Douglas Adams,Science Fiction,6,22
Ready Player One,Ernest Cline,Science Fiction,11,22
"Life, the Universe and Everything (Hitchhiker's Guide to the Galaxy #3)",Douglas Adams,Fiction,6,22
Dune (Dune #1),Brian Herbert,Comics & Graphic Novels,21,22
Do Androids Dream of Electric Sheep? (Blade Runner #1),Philip K. Dick,Science Fiction,11,22
Three Wishes (River of Time: California #1),S. C. Loader,Science Fiction,11,22
The Last Girl (The Dominion Trilogy #1),Unknown,Science Fiction,11,22
Having the Barbarian's Baby (Ice Planet Barbarians #7.5),Ruby Dixon,Science Fiction,11,22
The Book of Basketball: The NBA According to The Sports Guy,Bill Simmons,Sports & Recreation,7,22
"Friday Night Lights: A Town, a Team, and a Dream",H. G. Bissinger,Education,14,22
Sugar Rush (Offensive Line #2),Unknown,Sports And Games,14,22
Settling the Score (The Summer Games #1),Tennessee Williams,Sports And Games,14,22
Icing (Aces Hockey #2),Kelly Jamieson,Fiction,11,22
The Torch Is Passed: A Harding Family Story,Bill Powers,Fiction,11,22
"The Mindfulness and Acceptance Workbook for Anxiety: A Guide to Breaking Free from Anxiety, Phobias, and Worry Using Acceptance and Commitment Therapy",John P. Forsyth,Psychology,14,22
The Art Forger,Barbara A. Shapiro,Add A Comment,3,22
On a Midnight Clear,Bruce Hammack,Add A Comment,3,22
Judo: Seven Steps to Black Belt (an Introductory Guide for Beginners),Rodolfo Tello,Sports & Recreation,14,22
"Shobu Samurai, Project Aryoku (#3)",Shinry,Fiction,11,22
Modern Romance,Aziz Ansari,Add A Comment,3,22
The White Queen (The Cousins' War #1),Philippa Gregory,History,7,22
The Song of Achilles,Madeline Miller,Add A Comment,3,22
The Immortal Life of Henrietta Lacks,Rebecca Skloot,Add A Comment,3,22
The Dovekeepers,Alice Hoffman,Add A Comment,3,22
More Than Music (Chasing the Dream #1),Unknown,Add A Comment,3,22
Code Name Verity (Code Name Verity #1),Elizabeth Wein,Young Adult Fiction,4,22
Cell,Stephen King,Add A Comment,5,22
Angels Walking (Angels Walking #1),Karen Kingsbury,Fiction,11,22
"A Series of Catastrophes and Miracles: A True Story of Love, Science, and Cancer",Mary Elizabeth Williams,Biography & Autobiography,10,22
A People's History of the United States,Howard Zinn,Add A Comment,3,22
A Brush of Wings (Angels Walking #3),Charlie Shedd,Angels,6,22
Rook,Sharon Cameron,Add A Comment,3,22
The Midnight Watch: A Novel of the Titanic and the Californian,Paul Lee,Search And Rescue Operations,7,22
The Gray Rhino: How to Recognize and Act on the Obvious Dangers We Ignore,Hong Cheng,Language Arts & Disciplines,15,22
The Children,Gertrude Chandler Warner,Add A Comment,3,22
One with You (Crossfire #5),Sylvia Day,Fiction,11,22
Without Shame,Alayne Yates,Add A Comment,3,22
Watchmen,Alan Moore,Add A Comment,3,22
A Hero's Curse (The Unseen Chronicles #1),Unknown,Add A Comment,3,22
23 Degrees South: A Tropical Tale of Changing Whether...,Unknown,Add A Comment,3,22
The Glass Castle,Jeannette Walls,Add A Comment,3,22
The Drowning Girls,Paula Treick Deboard,Add A Comment,3,22
Team of Rivals: The Political Genius of Abraham Lincoln,Doris Kearns Goodwin,Biography & Autobiography,10,22
John Adams,David Mccullough,Add A Comment,3,22
Good in Bed (Cannie Shapiro #1),Jennifer Weiner,Humorous Stories,1,22
The Joy of Cooking,Irma Von Starkloff Rombauer,Add A Comment,3,22
The Golden Compass (His Dark Materials #1),Philip Pullman,Juvenile Fiction,0,22
The God Delusion,Richard Dawkins,Add A Comment,3,22
Pride and Prejudice,Jane Austen,Add A Comment,3,22
Mere Christianity,C.S. Lewis,Add A Comment,3,22
Fun Home: A Family Tragicomic,Alison Bechdel,Comics & Graphic Novels,21,22
The Raven King (The Raven Cycle #4),Maggie Stiefvater,Add A Comment,3,22
Find Her (Detective D.D. Warren #8),Unknown,Add A Comment,3,22
Evicted: Poverty and Profit in the American City,Matthew Desmond,Add A Comment,3,22
A Game of Thrones (A Song of Ice and Fire #1),George R. R. Martin,Fiction,11,22
A Clash of Kings (A Song of Ice and Fire #2),George R. R. Martin,Add A Comment,3,22
The Tipping Point: How Little Things Can Make a Big Difference,Malcolm Gladwell (1963- Author),Contagion (Social Psychology),15,22
The Rest Is Noise: Listening to the Twentieth Century,Peter Doggett,History,6,22
The Purpose Driven Life: What on Earth Am I Here for?,Rick Warren,Add A Comment,3,22
The Hitchhiker's Guide to the Galaxy (Hitchhiker's Guide to the Galaxy #1),Douglas Adams,Fiction,6,22
The Girl Who Kicked the Hornet's Nest (Millennium Trilogy #3),Stieg Larsson,Fiction,9,22
"The End of Faith: Religion, Terror, and the Future of Reason",Sam Harris,Philosophy,7,22
The Complete Poems,Anne Sexton,Add A Comment,3,22
The Catcher in the Rye,J. D. Salinger,Add A Comment,3,22
The Case for Christ (Cases for Christianity),John Collinges,Add A Comment,3,22
The Blind Side: Evolution of a Game,Michael Lewis,Biography & Autobiography,10,22
Seven Days in the Art World,Sarah Thornton,Add A Comment,3,22
Sarah's Key,Tatiana De Rosnay,Add A Comment,3,22
Rogue Lawyer (Rogue Lawyer #1),John Grisham,Fiction,1,22
Manuscript Found in Accra,Paulo Coelho,Add A Comment,3,22
Fire Bound (Sea Haven/Sisters of the Heart #5),Christine Feehan,Fiction,11,22
Cosmos,Alexander Von Humboldt,Add A Comment,3,22
#GIRLBOSS,My Next Notebook,Add A Comment,3,22
The Sense of an Ending,Julian Barnes,Add A Comment,3,22
The Republic,Christine Barbour,Add A Comment,3,22
The Odyssey,Όμηρος,Add A Comment,3,22
The Light of the Fireflies,Jenni L. Walsh,Add A Comment,3,22
The Iliad,Όμηρος,Add A Comment,3,22
The Communist Manifesto,Marx-Engels,Add A Comment,3,22
Lord of the Flies,William Golding,Add A Comment,3,22
Unicorn Tracks,Julia Ember,Fantasy,8,22
"Saga, Volume 6 (Saga (Collected Editions) #6)",Jeff Smith,Bone (Fictitious Character),21,22
Princess Between Worlds (Wide-Awake Princess #5),Unknown,Fantasy,8,22
Masks and Shadows,Stephanie Burgis,Fantasy,8,22
Crown of Midnight (Throne of Glass #2),Sarah J. Maas,Fiction,12,22
"Avatar: The Last Airbender: Smoke and Shadow, Part 3 (Smoke and Shadow #3)",Gene Luen Yang,Comics & Graphic Novels,21,22
A Court of Thorns and Roses (A Court of Thorns and Roses #1),Sarah J. Maas,Fiction,14,22
Throne of Glass (Throne of Glass #1),Sarah J. Maas,Fiction,12,22
The Glittering Court (The Glittering Court #1),Richelle Mead,Young Adult Fiction,4,22
Hollow City (Miss Peregrineâs Peculiar Children #2),Ransom Riggs,Young Adult Fiction,4,22
The Star-Touched Queen,Roshani Chokshi,Fantasy,8,22
The Hidden Oracle (The Trials of Apollo #1),Rick Riordan,Fiction,7,22
The Bane Chronicles (The Bane Chronicles #1-11),Cassandra Clare,Fiction,12,22
Island of Dragons (Unwanteds #7),Lisa Mcmann,Juvenile Fiction,0,22
Demigods & Magicians: Percy and Annabeth Meet the Kanes (Percy Jackson & Kane Chronicles Crossover #1-3),Rick Riordan,Juvenile Fiction,0,22
City of Glass (The Mortal Instruments #3),Cassandra Clare,Juvenile Fiction,12,22
Searching for Meaning in Gailana,John H. T. Francis,Fantasy,1,22
A Shard of Ice (The Black Symphony Saga #1),Alivia Anders,Fantasy,8,22
King's Folly (The Kinsman Chronicles #1),Jill Williamson,Fiction,11,22
Every Heart a Doorway (Every Heart A Doorway #1),Bianca Sloane,Fiction,11,22
A Gathering of Shadows (Shades of Magic #2),Victoria Schwab,Contests,6,22
The Raven Boys (The Raven Cycle #1),Maggie Stiefvater,Young Adult Fiction,4,22
The False Prince (The Ascendance Trilogy #1),Unknown,Fantasy,8,22
Tell the Wind and Fire,Sarah Rees Brennan,Fantasy,8,22
A Feast for Crows (A Song of Ice and Fire #4),George R. R. Martin,Fiction,11,22
The Demonists (Demonist #1),Thomas E. Sniegoski,Fiction,13,22
The Beast (Black Dagger Brotherhood #14),Unknown,Fantasy,8,22
Paper and Fire (The Great Library #2),Unknown,Fantasy,8,22
Harry Potter and the Order of the Phoenix (Harry Potter #5),J.K. Rowling,Juvenile Fiction,0,22
Harry Potter and the Half-Blood Prince (Harry Potter #6),J.K. Rowling,Juvenile Fiction,0,22
Harry Potter and the Chamber of Secrets (Harry Potter #2),J. K. Rowling,Juvenile Fiction,0,22
The Rose & the Dagger (The Wrath and the Dawn #2),Unknown,Fantasy,8,22
Soldier (Talon #3),Unknown,Fantasy,8,22
Midnight Riot (Peter Grant/ Rivers of London - books #1),Unknown,Fantasy,8,22
Heir to the Sky,Amanda Sun,Fantasy,8,22
Eragon (The Inheritance Cycle #1),Christopher Paolini,Dragons,7,22
Darkfever (Fever #1),Karen Marie Moning,Fiction,11,22
Ash,Frank Mccourt,Fantasy,8,22
A Storm of Swords (A Song of Ice and Fire #3),George R.R. Martin,Fiction,11,22
Vampire Girl (Vampire Girl #1),Chloe Neill,Fantasy,9,22
The Silent Twin (Detective Jennifer Knight #3),Unknown,Fantasy,8,22
The Mirror & the Maze (The Wrath and the Dawn #1.5),Unknown,Fantasy,8,22
Sister Sable (The Mad Queen #1),Unknown,Fantasy,8,22
Shadow Rites (Jane Yellowrock #10),Unknown,Fantasy,8,22
Origins (Alphas 0.5),J. Michael Shull,Science,11,22
One Second (Seven #7),Dannika Dark,Fiction,20,22
Myriad (Prentor #1),Unknown,Fantasy,8,22
Without Borders (Wanderlove #1),Amanda Heger,Central America,14,22
The Mistake (Off-Campus #2),Elle Kennedy,Fiction,11,22
The Matchmaker's Playbook (Wingmen Inc. #1),Unknown,New Adult,7,22
The Hook Up (Game On #1),Amar Shah,Juvenile Fiction,0,22
Shameless,Karen Robards,New Adult,14,22
Off Sides (Off #1),David Weber,Fiction,11,22
The Requiem Red,Brynn Chapman,Young Adult,4,22
Set Me Free,Miranda Beverly-Whittemore,Young Adult,4,22
The Natural History of Us (The Fine Art of Pretending #2),Unknown,Young Adult,4,22
Obsidian (Lux #1),Jennifer L. Armentrout,Juvenile Fiction,0,22
Burning,Jack London,Young Adult,4,22
A Fierce and Subtle Poison,Samantha Mabry,Young Adult,4,22
Scarlett Epstein Hates It Here,Anna Breslaw,Young Adult,4,22
"Nightingale, Sing",Charlotte Bingham,Young Adult,4,22
Library of Souls (Miss Peregrineâs Peculiar Children #3),Ransom Riggs,Young Adult Fiction,4,22
Frostbite (Vampire Academy #2),Richelle Mead,Juvenile Fiction,0,22
Wild Swans,Jung Chang,Young Adult,4,22
Until Friday Night (The Field Party #1),Abbi Glines,Young Adult Fiction,4,22
This Is Where It Ends,Marieke Nijkamp,Young Adult,4,22
The Darkest Lie,Gena Showalter,Young Adult,4,22
My Kind of Crazy,Robin Reul,Young Adult,4,22
Don't Get Caught,Kurt Dinan,Young Adult,4,22
Catching Jordan (Hundred Oaks),Miranda Kenneally,Juvenile Fiction,0,22
Aristotle and Dante Discover the Secrets of the Universe (Aristotle and Dante Discover the Secrets of the Universe #1),Benjamin Alire Sáenz,Young Adult Fiction,7,22
The Epidemic (The Program 0.6),Nadine Thielemann,Language Arts & Disciplines,7,22
Stars Above (The Lunar Chronicles #4.5),Square Fish,Young Adult,4,22
No Love Allowed (Dodge Cove #1),Unknown,Young Adult,4,22
"Exit, Pursued by a Bear",E. K. Johnston,Young Adult,4,22
The Alien Club,Sue Behrent,Young Adult,4,22
Don't Forget Steven,P. D. Workman,Young Adult,4,22
South of Sunshine,Dana Elmendorf,Young Adult,4,22
My Life Next Door (My Life Next Door ),Huntley Fitzpatrick,Young Adult,4,22
Future Shock (Future Shock #1),Unknown,Young Adult,4,22
Nightstruck: A Novel,Jenna Black,Young Adult Fiction,4,22
Tell the Wolves I'm Home,Carol Rifka Brunt,Young Adult,4,22
"Will Grayson, Will Grayson (Will Grayson, Will Grayson)",John Green,Young Adult,1,22
Where She Went (If I Stay #2),Liz Johnson,Fiction,11,22
Two Summers,Aimee Friedman,Young Adult,4,22
The Darkest Corners,Barry Hutchison,Young Adult,4,22
Tell Me Three Things,Julie Buxbaum,Young Adult,4,22
Lola and the Boy Next Door (Anna and the French Kiss #2),Stephanie Perkins,Fiction,14,22
Kill the Boy Band,Goldy Moldavsky,Young Adult,4,22
Isla and the Happily Ever After (Anna and the French Kiss #3),Stephanie Perkins,Boarding School Students,14,22
An Abundance of Katherines,John Green,Young Adult,4,22
Harry Potter and the Prisoner of Azkaban (Harry Potter #3),Dollhouse,Young Adult,0,22
Walk the Edge (Thunder Road #2),Unknown,Young Adult,4,22
Two Boys Kissing,David Levithan,Young Adult,4,22
The New Guy (and Other Senior Year Distractions),Amy Spalding,Young Adult,4,22
"The Land of 10,000 Madonnas",Kate Hattemer,Young Adult,4,22
Scarlet (The Lunar Chronicles #2),Marissa Meyer,Young Adult,4,22
Legend (Legend #1),Andy Seto,Young Adult,4,22
Lady Renegades (Rebel Belle #3),Rachel Hawkins,Young Adult Fiction,4,22
Golden (Heart of Dread #3),Mellisa De La Cruz,Young Adult,4,22
Cinder (The Lunar Chronicles #1),Marissa Meyer,Young Adult Fiction,4,22
Boy Meets Boy,David Levithan,Young Adult,4,22
Annie on My Mind,Nancy Garden,Young Adult,4,22
New Moon (Twilight #2),Unknown,Young Adult,4,22
Girl Online On Tour (Girl Online #2),Zoe Sugg,Juvenile Fiction,9,22
The Haters,Jesse Andrews,Young Adult,4,22
The Art of Not Breathing,Sarah Alexander,Young Adult,4,22
The Most Perfect Thing: Inside (and Outside) a Bird's Egg,Tim Birkhead,Nature,14,22
Immunity: How Elie Metchnikoff Changed the Course of Modern Medicine,Alfred I. Tauber,Medical,15,22
Sorting the Beef from the Bull: The Science of Food Fraud Forensics,Richard Evershed,Business & Economics,7,22
Tipping Point for Planet Earth: How Close Are We to the Edge?,Anthony D. Barnosky,Nature,15,22
"The Fabric of the Cosmos: Space, Time, and the Texture of Reality",Marian P. Ehlert,Science,6,22
Diary of a Citizen Scientist: Chasing Tiger Beetles and Other New Ways of Engaging the World,Sharman Apt Russell,Nature,7,22
The Origin of Species,Charles Darwin,Science,11,22
The Grand Design,Stephen Hawking,Science,11,22
Peak: Secrets from the New Science of Expertise,The Mindset Warrior,Science,7,22
"The Elegant Universe: Superstrings, Hidden Dimensions, and the Quest for the Ultimate Theory",Brian Greene,Science,6,22
"The Disappearing Spoon: And Other True Tales of Madness, Love, and the History of the World from the Periodic Table of the Elements",Sam Kean,Science,7,22
"Surely You're Joking, Mr. Feynman!: Adventures of a Curious Character",Richard P. Feynman,Biography & Autobiography,10,22
Seven Brief Lessons on Physics,Carlo Rovelli,Science,11,22
The Selfish Gene,Richard Dawkins,Science,7,22
A Light in the Attic,Shel Silverstein,Poetry,1,22
The Black Maria,Aracelis Girmay,Poetry,8,22
Shakespeare's Sonnets,James Schiffer,Poetry,14,22
Olio,William B. Gilley,Poetry,14,22
You can't bury them all: Poems,Patrick Woodcock,Poetry,14,22
Slow States of Collapse: Poems,Ashley-Elizabeth Best,Poetry,6,22
Untitled Collection: Sabbath Poems 2014,James Grahame,Miniature Books,14,22
Poems That Make Grown Women Cry,Anthony Holden,Poetry,14,22
Night Sky with Exit Wounds,Ocean Vuong,Poetry,14,22
salt.,Mark Kurlansky,Poetry,15,22
"Quarter Life Poetry: Poems for the Young, Broke and Hangry",Samantha Jayne,Fiction,14,22
Out of Print: City Lights Spotlight No. 14,Unknown,Poetry,8,22
Les Fleurs du Mal,Charles Baudelaire,Poetry,14,22
Howl and Other Poems,Allen Ginsberg,Poetry,14,22
Leave This Song Behind: Teen Poetry at Its Best,Adam Halwitz,Juvenile Nonfiction,9,22
The Collected Poems of W.B. Yeats (The Collected Works of W.B. Yeats #1),William Butler Yeats,Poetry,7,22
The Crossover,Kwame Alexander,Poetry,7,22
Booked,Markus Zusak,Poetry,14,22
Twenty Love Poems and a Song of Despair,J. Simon Harris,Poetry,14,22
"Vampire Knight, Vol. 1 (Vampire Knight #1)",Matsuri Hino,Comics & Graphic Novels,21,22
Wall and Piece,Banksy,Art,14,22
Feathers: Displays of Brilliant Plumage,Robert Clark,Photography,6,22
Art and Fear: Observations on the Perils (and Rewards) of Artmaking,David Bayles,Art,14,22
The New Drawing on the Right Side of the Brain,Betty Edwards,Art,7,22
History of Beauty,Umberto Eco,Art,7,22
The Story of Art,E. H. Gombrich,Art,7,22
The Art Book,Editors Of Phaidon Press,Art,7,22
Ways of Seeing,John Berger,Art,1,22
The Lucifer Effect: Understanding How Good People Turn Evil,Philip G. Zimbardo,Philosophy,15,22
The Golden Condom: And Other Essays on Love Lost and Found,Jeanne Safer,Psychology,14,22
It Didn't Start with You: How Inherited Family Trauma Shapes Who We Are and How to End the Cycle,Francis Thomas,Study Aids,15,22
An Unquiet Mind: A Memoir of Moods and Madness,Kay Redfield Jamison,Biography & Autobiography,10,22
"Thinking, Fast and Slow",Daniel Kahneman,Psychology,14,22
Civilization and Its Discontents,Sigmund Freud,Psychology,14,22
8 Keys to Mental Health Through Exercise,Christina G. Hibbert,Psychology,15,22
The Argonauts,Maggie Nelson,Autobiography,10,22
M Train,Patti Smith,Autobiography,10,22
Lab Girl,Hope Jahren,Autobiography,10,22
Approval Junkie: Adventures in Caring Too Much,Unknown,Autobiography,10,22
Running with Scissors,Augusten Burroughs,Autobiography,10,22
Me Talk Pretty One Day,David Sedaris,Autobiography,10,22
Lust & Wonder,Augusten Burroughs,Autobiography,10,22
Life Without a Recipe,Diana Abu-Jaber,Autobiography,10,22
A Heartbreaking Work of Staggering Genius,Dave Eggers,Autobiography,10,22
Catastrophic Happiness: Finding Joy in Childhood's Messy Years,Catherine Newman,Family & Relationships,1,22
Fifty Shades Freed (Fifty Shades #3),E L James,Fiction,14,22
The Long Haul (Diary of a Wimpy Kid #9),Jeff Kinney,Juvenile Fiction,0,22
Old School (Diary of a Wimpy Kid #10),Jeff Kinney,Juvenile Fiction,0,22
I Know What I'm Doing -- and Other Lies I Tell Myself: Dispatches from a Life Under Construction,Jen Kirkman,Biography & Autobiography,10,22
"Hyperbole and a Half: Unfortunate Situations, Flawed Coping Mechanisms, Mayhem, and Other Things That Happened",Allie Brosh,Humor,14,22
Dress Your Family in Corduroy and Denim,David Sedaris,Humor,1,22
Toddlers Are A**holes: It's Not Your Fault,Bunmi Laditan,Humor,1,22
When You Are Engulfed in Flames,David Sedaris,Humor,1,22
Naked,"Burroughs, William S.",Humor,14,22
"Lamb: The Gospel According to Biff, Christ's Childhood Pal",Jesus Christ,Humor,6,22
Holidays on Ice,David Sedaris,Humor,1,22
Security,Benjamin Graham,Horror,14,22
Follow You Home,"Edwards, Mark (Fiction Writer)",Horror,11,22
The Loney,Andrew Michael Hurley,Horror,7,22
Pet Sematary,Stephen King,Horror,5,22
Doctor Sleep (The Shining #2),Stephen King,Fiction,5,22
Psycho: Sanitarium (Psycho #1.5),Chet Williamson,Fiction,11,22
Can You Keep a Secret? (Fear Street Relaunch #4),R. L. Stine,Young Adult Fiction,4,22
Red Dragon (Hannibal Lecter #1),Thomas Harris,"Lecter, Hannibal (Fictitious Character)",13,22
Dracula the Un-Dead,Dacre Stoker,Horror,7,22
Night Shift (Night Shift #1-20),Unknown,Horror,14,22
Needful Things,Stephen King,Horror,5,22
Misery,Stephen King,Horror,5,22
It,William Shakespeare,Horror,14,22
'Salem's Lot,Stephen King,Horror,5,22
The Stand,Stephen King,Horror,5,22
The Girl with All the Gifts,M. R. Carey,Horror,9,22
House of Leaves,Mark Z. Danielewski,Horror,7,22
Sapiens: A Brief History of Humankind,Booknation,History,7,22
"Unbound: How Eight Technologies Made Us Human, Transformed Society, and Brought Our World to the Brink",Ann M. Pendleton-Jullian,Design,6,22
The Age of Genius: The Seventeenth Century and the Birth of the Modern Mind,A. C. Grayling,History,7,22
"Political Suicide: Missteps, Peccadilloes, Bad Calls, Backroom Hijinx, Sordid Pasts, Rotten Breaks, and Just Plain Dumb Mistakes in the Annals of American Politics",Erin Mchugh,Political Science,11,22
Thomas Jefferson and the Tripoli Pirates: The Forgotten War That Changed American History,Worth Books,History,7,22
Zealot: The Life and Times of Jesus of Nazareth,Reza Aslan,History,7,22
A Distant Mirror: The Calamitous 14th Century,"Tuchman, Barbara Wertheim",France,7,22
1491: New Revelations of the Americas Before Columbus,Charles C. Mann,History,7,22
Brilliant Beacons: A History of the American Lighthouse,Eric Jay Dolin,History,7,22
"""Most Blessed of the Patriarchs"": Thomas Jefferson and the Empire of the Imagination",Annette Gordon-Reed,History,7,22
A Short History of Nearly Everything,Bill Bryson,History,7,22
The Rise and Fall of the Third Reich: A History of Nazi Germany,William Shirer,History,7,22
Catherine the Great: Portrait of a Woman,Robert K. Massie,Biography & Autobiography,10,22
The Mathews Men: Seven Brothers and the War Against Hitler's U-boats,William Geroux,History,7,22
The Hiding Place,Corrie Ten Boom,History,7,22
America's War for the Greater Middle East: A Military History,Andrew J. Bacevich,History,7,22
The Guns of August,Barbara Tuchman,History,7,22
"House of Lost Worlds: Dinosaurs, Dynasties, and the Story of Life on Earth",Richard Conniff,Science,7,22
"Foolproof Preserving: A Guide to Small Batch Jams, Jellies, Pickles, Condiments, and More: A Foolproof Guide to Making Small Batch Jams, Jellies, Pickles, Condiments, and More",America'S Test Kitchen,Cooking,15,22
"The Pioneer Woman Cooks: Dinnertime: Comfort Classics, Freezer Food, 16-Minute Meals, and Other Delicious Ways to Solve Supper!",Ree Drummond,Food And Drink,15,22
My Paris Kitchen: Recipes and Stories,David Lebovitz,Cooking,15,22
"Mama Tried: Traditional Italian Cooking for the Screwed, Crude, Vegan, and Tattooed",High Cedar Press,Food And Drink,13,22
"Layered: Baking, Building, and Styling Spectacular Cakes",Tessa Huff,Cooking,13,22
The Nerdy Nummies Cookbook: Sweet Treats for the Geek in All of Us,Rosanna Pansino,Cooking,13,22
The Love and Lemons Cookbook: An Apple-to-Zucchini Celebration of Impromptu Cooking,Jeanine Donofrio,Cooking,15,22
The Cookies & Cups Cookbook: 125+ sweet & savory recipes reminding you to Always Eat Dessert First,Shelly Jaronsky,Cooking,15,22
"Deliciously Ella Every Day: Quick and Easy Recipes for Gluten-Free Snacks, Packed Lunches, and Simple Meals",Ella Mills,Food And Drink,15,22
The Help Yourself Cookbook for Kids: 60 Easy Plant-Based Recipes Kids Can Make to Stay Healthy and Save the Earth,Ruby Roth,Cooking,15,22
"It's All Easy: Healthy, Delicious Weeknight Meals in under 30 Minutes",Storybuddiesplay,Cooking,13,22
Barefoot Contessa Back to Basics,Ina Garten,Food And Drink,15,22
Barefoot Contessa at Home: Everyday Recipes You'll Make Over and Over Again,Ina Garten,Cooking,13,22
My Kitchen Year: 136 Recipes That Saved My Life,Ruth Reichl,Cooking,20,22
Everyday Italian: 125 Simple and Delicious Recipes,Giada De Laurentiis,Cooking,15,22
"A la Mode: 120 Recipes in 60 Pairings: Pies, Tarts, Cakes, Crisps, and More Topped with Ice Cream, Gelato, Frozen Custard, and More",Martha Stewart Living Magazine,Cooking,14,22
Cravings: Recipes for What You Want to Eat,Abbey Beathan,Food And Drink,15,22
"The Moosewood Cookbook: Recipes from Moosewood Restaurant, Ithaca, New York",Mollie Katzen,Cooking,7,22
32 Yolks,Eric Ripert,Food And Drink,15,22
"Naturally Lean: 125 Nourishing Gluten-Free, Plant-Based Recipes--All Under 300 Calories",Meghan Telpner,Cooking,15,22
How to Cook Everything Vegetarian: Simple Meatless Recipes for Great Food (How to Cook Everything),Mark Bittman,Cooking,15,22
How to Be a Domestic Goddess: Baking and the Art of Comfort Cooking,Nigella Lawson,Food And Drink,15,22
The Barefoot Contessa Cookbook,Ina Garten,Food And Drink,15,22
Better Homes and Gardens New Cook Book,Better Homes And Gardens Editors,Food And Drink,15,22
The Power Greens Cookbook: 140 Delicious Superfood Recipes,Dana Jacobi,Cooking,15,22
Mexican Today: New and Rediscovered Recipes for Contemporary Kitchens,Pati Jinich,Cooking,15,22
Vegan Vegetarian Omnivore: Dinner for Everyone at the Table,Anna Thomas,Cooking,13,22
The Smitten Kitchen Cookbook,Deb Perelman,Food And Drink,15,22
"The Art of Simple Food: Notes, Lessons, and Recipes from a Delicious Revolution",Alice Waters,Cooking,15,22
Hungry Girl Clean & Hungry: Easy All-Natural Recipes for Healthy Eating in the Real World,Lisa Lillien,Cooking,9,22
Redeeming Love,Francine Rivers,Christian Fiction,6,22
Close to You,Francine Pascal,Christian Fiction,6,22
Shadows of the Past (Logan Point #1),Patricia Bradley,Fiction,11,22
Like Never Before (Walker Family #2),Melissa Tagg,Fiction,11,22
Counted With the Stars (Out from Egypt #1),Connilyn Cossette,Fiction,11,22
If I Run (If I Run #1),Michelle Robinson,Art,14,22
The Dirty Little Secrets of Getting Your Dream Job,Don Raskin,Business,7,22
The Third Wave: An Entrepreneurâs Vision of the Future,Steve Case,Biography & Autobiography,10,22
The 10% Entrepreneur: Live Your Startup Dream Without Quitting Your Day Job,Patrick J. Mcginnis,Business & Economics,7,22
Shoe Dog: A Memoir by the Creator of NIKE,Phil Knight,Biography & Autobiography,10,22
Made to Stick: Why Some Ideas Survive and Others Die,Shortcut Edition,Business,7,22
Quench Your Own Thirst: Business Lessons Learned Over a Beer or Two,Jim Koch,Business & Economics,7,22
The Art of Startup Fundraising,Alejandro Cremades,Business,7,22
Born for This: How to Find the Work You Were Meant to Do,"Michael S. Broder, Ph.D.",Self-Help,15,22
The E-Myth Revisited: Why Most Small Businesses Don't Work and What to Do About It,Shortcut Edition,Business & Economics,7,22
"Rich Dad, Poor Dad",Robert T. Kiyosaki,Business,7,22
The Lean Startup: How Today's Entrepreneurs Use Continuous Innovation to Create Radically Successful Businesses,Worth Books,Business,15,22
Rework,Jason Fried,Business,7,22
Louisa: The Extraordinary Life of Mrs. Adams,Samantha Seiple,History,7,22
"Setting the World on Fire: The Brief, Astonishing Life of St. Catherine of Siena",Raymond Of Capua.,Biography,7,22
The Faith of Christopher Hitchens: The Restless Soul of the World's Most Notorious Atheist,Larry Alex Taunton,Biography & Autobiography,10,22
Benjamin Franklin: An American Life,Walter Isaacson,Biography,14,22
The Rise of Theodore Roosevelt (Theodore Roosevelt #1),Edmund Morris,Presidents,7,22
In Her Wake,Amanda Jennings,Thriller,1,22
The Elephant Tree,Penny Dale,Thriller,7,22
Behind Closed Doors,B.A. Paris,Thriller,14,22
You (You #1),Paul Tobin,Thriller,14,22
The Guilty (Will Robie #4),David Baldacci,Adult Children,14,22
The 14th Colony (Cotton Malone #11),Unknown,Thriller,8,22
Give It Back,Kimberly Daniels,Thriller,14,22
Killing Floor (Jack Reacher #1),Lee Child,Fiction,11,22
The Bone Hunters (Lexy Vaughan & Steven Macaulay #2),Unknown,Thriller,8,22
Far From True (Promise Falls Trilogy #2),Linwood Barclay,Thriller,7,22
The Travelers,Charles Dickens,Thriller,7,22
When We Collided,Emery Lord,Contemporary,14,22
Someone Like You (The Harrisons #2),Unknown,Contemporary,8,22
We Are All Completely Beside Ourselves,Karen Joy Fowler,Contemporary,14,22
The Four Agreements: A Practical Guide to Personal Freedom,"Ruiz, Miguel, 1952-",Spirituality,6,22
The Activist's Tao Te Ching: Ancient Advice for a Modern Revolution,William Martin,Philosophy,14,22
Chasing Heaven: What Dying Taught Me About Living,Crystal Mcvea,Religion,14,22
If I Gave You God's Phone Number....: Searching for Spirituality in America,Mare Cromwell,Biography & Autobiography,10,22
Unreasonable Hope: Finding Faith in the God Who Brings Purpose to Your Pain,Chad Veach,Religion,1,22
A New Earth: Awakening to Your Life's Purpose,Shortcut Edition,Business & Economics,7,22
Logan Kade (Fallen Crest High #5.5),Tijan,Fiction,11,22
Online Marketing for Busy Authors: A Step-By-Step Guide,Fauzia Burke,Business & Economics,7,22
How to Be Miserable: 40 Strategies You Already Use,Randy J. Paterson,Self-Help,15,22
"Overload: How to Unplug, Unwind, and Unleash Yourself from the Pressure of Stress",Joyce Meyer,Religion,15,22
You Are a Badass: How to Stop Doubting Your Greatness and Start Living an Awesome Life,Alex,Self Help,15,22
How to Stop Worrying and Start Living,Dale Carnegie,Self Help,15,22
All the Light We Cannot See,Anthony Doerr,Historical,16,22
The Girl You Left Behind (The Girl You Left Behind #1),Trivion Books,Study Aids,9,22
(Un)Qualified: How God Uses Broken People to Do Big Things,Rhonda Westphal,Christian,6,22
Crazy Love: Overwhelmed by a Relentless God,Francis Chan,Religion,6,22
Blue Like Jazz: Nonreligious Thoughts on Christian Spirituality,Donald Miller,Christian Biography,6,22
Silence in the Dark (Logan Point #4),Patricia Bradley,Fiction,20,22
The Grownup,Gillian Flynn,Short Stories,7,22
Suzie Snowflake: One beautiful flake (a self-esteem story),Crystal Rose,Juvenile Fiction,0,22
"The Bulletproof Diet: Lose up to a Pound a Day, Reclaim Energy and Focus, Upgrade Your Life",Dave Asprey,Health & Fitness,14,22
"Eat Fat, Get Thin",Barry Groves,Health,14,22
10-Day Green Smoothie Cleanse: Lose Up to 15 Pounds in 10 Days!,Jj Smith,Cooking,1,22
The Art and Science of Low Carbohydrate Living,Jeff Volek,Health,6,22
Libertarianism for Beginners,Todd Seavey,Politics,14,22
Why the Right Went Wrong: Conservatism--From Goldwater to the Tea Party and Beyond,Ant Hive Media,Politics,7,22
Equal Is Unfair: America's Misguided Fight Against Income Inequality,Don Watkins,Business & Economics,7,22
Amid the Chaos,Nia Quin,Cultural,7,22
Dark Notes,Pam Godwin`,Erotica,20,22
The Long Shadow of Small Ghosts: Murder and Memory in an American City,Laura Tillman,Biography & Autobiography,10,22
